CloseTime,OpenPrice,HighPrice,LowPrice,ClosePrice,volume,MarketCap
2022-01-13 18:00:00,3.06311,3.14224,2.99971,2.99971,3497.16684026,10665.118828862549
2022-01-14 00:00:00,2.9998,3.052,2.90178,3.052,1383.28450266,4069.1631651498237
2022-01-14 12:00:00,3.02421,3.03013,2.82632,2.82632,1935.2680268,5674.666404641396
2022-01-14 18:00:00,2.84809,3.0287,2.84586,2.95223,2568.60324189,7505.384018284544
2022-01-15 00:00:00,2.95944,3.00075,2.94642,3.00075,886.00952473,2623.9223002707795
2022-01-15 12:00:00,2.89172,2.92093,2.8566,2.92093,239.59374559,695.2748522090553
2022-01-15 18:00:00,2.87129,2.9,2.86895,2.9,10462.54353205,30329.62991863791
2022-01-16 00:00:00,2.9,3.03,2.9,3.02124,2830.98732188,8403.831747751572
2022-01-16 06:00:00,3.0269,3.04219,3.0269,3.04219,355.86274698,1082.1975783204573
2022-01-16 12:00:00,3.0338,3.31178,3.0338,3.31178,1914.90821441,6153.88731319212
2022-01-16 18:00:00,3.28,3.28,3.21128,3.2119,5545.21647373,17902.414841745718
2022-01-17 00:00:00,3.21999,3.31931,3.21999,3.27897,3861.72298797,12616.791716531898
2022-01-17 06:00:00,3.35,3.35,3.12493,3.14799,5863.41582893,18670.812365176873
2022-01-17 12:00:00,3.198,3.2,3.17428,3.18894,4868.49450642,15558.441181812093
2022-01-17 18:00:00,3.1751,3.17919,2.99765,3.00261,4439.52452351,13853.075016419401
2022-01-18 00:00:00,2.97734,3.00083,2.89,2.922,21265.81297505,63090.381902416346
2022-01-18 06:00:00,2.94,2.98,2.86741,2.89865,10289.22314357,30442.894094063846
2022-01-18 12:00:00,2.929,2.95909,2.83315,2.88327,2910.93879546,8388.705816887446
2022-01-18 18:00:00,2.81,2.81,2.725,2.78064,2067.42940073,5731.230961313001
2022-01-19 00:00:00,2.82878,2.99,2.82394,2.94913,7309.14761563,20871.456944692774
2022-01-19 06:00:00,2.94793,3.016,2.93,2.93,1300.46224399,3816.884699214516
2022-01-19 12:00:00,2.85027,2.8917,2.76698,2.83616,3467.02675515,9846.254979143236
2022-01-19 18:00:00,2.963,3.0,2.87331,2.93116,15338.06426944,44866.13530609665
2022-01-20 00:00:00,2.9155,2.9155,2.88641,2.88742,812.20179567,2345.6600280722955
2022-01-20 06:00:00,2.756,2.8258,2.756,2.8258,4663.64068542,13154.7406148984
2022-01-20 12:00:00,2.86848,2.86848,2.86698,2.86698,1047.71448568,3005.3375904034915
2022-01-20 18:00:00,2.84603,3.00418,2.84603,2.94939,9880.7000159,29481.828084504494
2022-01-21 00:00:00,2.9461,2.9461,2.71,2.71823,16440.14059292,45131.24600382973
2022-01-21 06:00:00,2.75939,2.75939,2.52389,2.52389,5954.10580956,15992.705714573392
2022-01-21 12:00:00,2.54731,2.61197,2.5207,2.5207,18471.59662801,46850.65261531234
2022-01-21 18:00:00,2.505,2.52657,2.4,2.4667,5061.55616474,12431.253822316428
2022-01-22 00:00:00,2.439,2.45927,2.13,2.268,15458.42498053,35276.208362397374
2022-01-22 06:00:00,2.29499,2.37294,2.09775,2.09999,19544.52382596,43725.80860925586
2022-01-22 12:00:00,2.10093,2.10657,1.8,2.01,37472.94513597,72846.47222089893
2022-01-22 18:00:00,2.01,2.17557,1.91929,1.9889,11098.53391989,21907.81625340639
2022-01-23 00:00:00,1.9437,2.00631,1.9,1.96883,3771.79392316,7349.58928153805
2022-01-23 06:00:00,2.00805,2.09593,1.9976,2.088,8868.4156731,18243.854515836807
2022-01-23 12:00:00,2.13794,2.35728,2.13794,2.23664,20307.98150595,46687.97906376784
2022-01-23 18:00:00,2.23664,2.30577,2.15075,2.24169,26837.83773654,59513.75787112495
2022-01-24 00:00:00,2.25302,2.29175,2.12137,2.274,16422.22948102,36988.61980376846
2022-01-24 06:00:00,2.14291,2.14291,2.06883,2.06883,1300.95681837,2736.0175785093884
2022-01-24 12:00:00,2.08539,2.08539,1.91978,1.95089,39608.62035092,78508.07096480757
2022-01-24 18:00:00,1.93,2.18963,1.90537,2.18963,21336.06894585,42684.328057039995
2022-01-25 00:00:00,2.14,2.33158,2.13992,2.23511,143469.17934212,329967.93173557357
2022-01-25 06:00:00,2.22156,2.25,2.16277,2.21119,128444.78727273,279853.8436830094
2022-01-25 12:00:00,2.22942,2.4,2.21329,2.34865,12833.02564861,29592.28368712342
2022-01-25 18:00:00,2.34865,2.47,2.33697,2.44,94253.20232218,228874.31747907607
2022-01-26 00:00:00,2.43,2.4605,2.32582,2.37854,21214.10762498,50959.64941646359
2022-01-26 06:00:00,2.34539,2.39718,2.27,2.39123,15031.58477029,34483.08376256501
2022-01-26 12:00:00,2.342,2.392,2.324,2.365,31412.62505685,74008.78573863275
2022-01-26 18:00:00,2.36,2.44697,2.335,2.38611,18142.98332717,43322.912457768994
2022-01-27 00:00:00,2.325,2.57,2.18642,2.26277,26118.57308346,61345.550494837036
2022-01-27 06:00:00,2.23093,2.23947,2.12411,2.12411,6767.01770872,14963.320487557125
2022-01-27 12:00:00,2.1,2.18391,2.1,2.17581,3895.81712171,8457.414011528097
2022-01-27 18:00:00,2.19763,2.24394,2.131,2.131,10700.84758256,23113.39346249687
2022-01-28 00:00:00,2.14501,2.14501,2.0,2.00622,8772.60773563,17726.916906707083
2022-01-28 06:00:00,2.04392,2.11098,2.04392,2.0903,3482.93851469,7142.799888071102
2022-01-28 12:00:00,2.13029,2.13029,2.02423,2.02423,10723.39107496,22430.83398904132
2022-01-28 18:00:00,2.02878,2.08499,1.9901,2.08499,5164.31019061,10604.864322177542
2022-01-29 00:00:00,2.07385,2.16176,2.07385,2.1232,6970.47961281,14619.903044214541
2022-01-29 06:00:00,2.11738,2.11738,2.11278,2.11278,2000.0,4231.321183440192
2022-01-29 12:00:00,2.13062,2.14684,2.13062,2.14684,2837.74418621,6076.144646519783
2022-01-29 18:00:00,2.14684,2.15712,2.14543,2.14543,11662.24874663,25038.043716583812
2022-01-30 00:00:00,2.14367,2.16,2.14367,2.15868,2932.50446991,6292.824990901114
2022-01-30 06:00:00,2.08348,2.10865,2.08348,2.10865,650.26248931,1365.3258011267676
2022-01-30 12:00:00,2.1413,2.15832,2.1413,2.15832,244.98343426,524.7967319582204
2022-01-30 18:00:00,2.11677,2.2,2.09146,2.09879,61379.73060165,132176.00742383845
2022-01-31 00:00:00,2.00139,2.04764,2.00139,2.04764,972.75071931,1989.3488331557055
2022-01-31 06:00:00,2.00597,2.00597,1.933,1.95903,2286.39971212,4513.134947155397
2022-01-31 12:00:00,1.92223,1.95045,1.92223,1.94035,5709.05844397,11066.893814610847
2022-01-31 18:00:00,1.95134,2.06671,1.95134,2.06671,7626.53830268,15312.663683383775
2022-02-01 00:00:00,2.05753,2.05753,2.033,2.05,2166.72798876,4449.787851023775
2022-02-01 06:00:00,2.05,2.13,2.05,2.10019,7566.84043686,15744.662610352572
2022-02-01 12:00:00,2.08986,2.13874,2.07396,2.10045,36533.96833634,76542.80331264388
2022-02-01 18:00:00,2.124,2.124,2.09077,2.09448,1636.31181543,3436.2415559697224
2022-02-02 00:00:00,2.09335,2.09335,2.07506,2.07506,1900.90951159,3961.1656594778556
2022-02-02 12:00:00,2.075,2.07508,2.075,2.07508,1149.60139384,2385.474860329507
2022-02-02 18:00:00,2.07235,2.08474,1.97818,1.98011,11486.57747949,23195.481772039067
2022-02-03 00:00:00,2.02072,2.02072,1.92,1.92,4240.09099963,8299.580764354407
2022-02-03 06:00:00,1.91,1.92181,1.88,1.88,4608.15342441,8798.927005873176
2022-02-03 12:00:00,1.93062,1.93182,1.88,1.88,3067.59187902,5892.348826715943
2022-02-03 18:00:00,1.88718,1.88718,1.88333,1.88333,764.92335329,1442.3930538618222
2022-02-04 00:00:00,1.89284,1.94449,1.89284,1.94449,655.93550126,1253.3110534216542
2022-02-04 06:00:00,1.93915,1.9709,1.93915,1.9709,1820.25141752,3567.1999061149636
2022-02-04 12:00:00,1.98893,1.99909,1.98893,1.99909,2805.77049811,5583.388260062242
2022-02-04 18:00:00,1.99592,2.08,1.93992,2.07212,23653.33834636,48747.634646750266
2022-02-05 00:00:00,2.06959,2.12,2.06959,2.12,2327.47654722,4825.380224048381
2022-02-05 06:00:00,2.10653,2.155,2.10653,2.155,4980.11917388,10669.97882529886
2022-02-05 12:00:00,2.18546,2.19058,2.1578,2.16066,46972.93597005,101548.50185884073
2022-02-05 18:00:00,2.1824,2.1824,2.07278,2.12,12706.57175831,27279.425653577564
2022-02-06 00:00:00,2.10282,2.10282,2.09164,2.10282,2157.17719691,4527.338662104969
2022-02-06 06:00:00,2.1,2.13,2.09294,2.09294,3885.37135503,8204.246707655944
2022-02-06 12:00:00,2.13,2.14399,2.11502,2.11502,2737.40968284,5850.383609374631
2022-02-06 18:00:00,2.15005,2.15005,2.05934,2.0854,2256.07872449,4740.621441705565
2022-02-07 00:00:00,2.08811,2.08811,2.08809,2.08809,180.18265203,376.2399999766181
2022-02-07 06:00:00,2.23616,2.32361,2.23616,2.2949,23057.72691345,53190.82397120715
2022-02-07 12:00:00,2.36767,2.36767,2.30476,2.32491,77001.93485915,178378.37958732527
2022-02-07 18:00:00,2.3112,2.38572,2.3112,2.31932,50051.12257274,118204.67455639326
2022-02-08 00:00:00,2.33041,2.34196,2.3,2.3,37930.61781003,88003.6313093766
2022-02-08 06:00:00,2.29,2.367,2.27238,2.367,52640.82906749,122462.90727909554
2022-02-08 12:00:00,2.35862,2.367,2.23,2.25836,49108.00771578,113578.76383046492
2022-02-08 18:00:00,2.25117,2.25117,2.18,2.18,2730.52396754,6007.175800961764
2022-02-09 00:00:00,2.17,2.22455,2.17,2.21239,2137.8453674,4692.420387097417
2022-02-09 06:00:00,2.16,2.16,2.15,2.15,1468.56679702,3163.05426421308
2022-02-09 12:00:00,2.20321,2.20348,2.18231,2.19783,2175.80850093,4784.506294254221
2022-02-09 18:00:00,2.2639,2.2639,2.24702,2.24702,12893.99642505,29088.398220112816
2022-02-10 00:00:00,2.26766,2.28096,2.25969,2.25969,3507.01008731,7983.780847896387
2022-02-10 12:00:00,2.22951,2.22951,2.22951,2.22951,393.68035385,877.7142857121135
2022-02-10 18:00:00,2.1515,2.21372,2.1,2.21372,11662.4650144,25070.79167137793
2022-02-11 00:00:00,2.20741,2.20741,2.111,2.13237,431.61444106,920.8983856831122
2022-02-11 12:00:00,2.123,2.13233,2.123,2.13233,6799.6450582,14495.4392563586
2022-02-11 18:00:00,2.16659,2.16659,2.16659,2.16659,230.47353024,499.3416458826816
2022-02-12 00:00:00,2.11738,2.11738,1.92,1.92261,14975.88712597,29383.417748518405
2022-02-12 06:00:00,1.93177,1.95676,1.92261,1.94185,16933.60443936,33074.76187075396
2022-02-12 12:00:00,1.9044,1.93537,1.89003,1.919,3432.97421533,6586.479702315965
2022-02-12 18:00:00,1.891,1.955,1.88852,1.955,5736.12188442,10925.869394824093
2022-02-13 00:00:00,1.98679,1.988,1.90248,1.90248,10768.27118796,20556.717710949855
2022-02-13 06:00:00,1.916,1.916,1.916,1.916,10.38648096,19.90049751936
2022-02-13 12:00:00,1.97631,1.97631,1.97631,1.97631,151.53054008,299.4713216655048
2022-02-13 18:00:00,1.97077,1.97077,1.96826,1.96826,628.47887236,1238.3086972809172
2022-02-14 00:00:00,1.9295,1.9295,1.90404,1.91486,37.4918571,71.826720651213
2022-02-14 06:00:00,1.88121,1.88121,1.8363,1.8527,11295.15703298,20891.14168438627
2022-02-14 12:00:00,1.88554,1.88554,1.86113,1.869,3506.16026002,6536.049999984765
2022-02-14 18:00:00,1.87073,1.95862,1.87073,1.93759,2531.08054413,4906.991628659221
2022-02-15 00:00:00,1.86001,1.86001,1.86001,1.86001,15.4085193,28.659999983193
2022-02-15 06:00:00,1.98187,1.995,1.98121,1.98121,41678.70865228,82580.5607005414
2022-02-15 12:00:00,1.98449,2.06101,1.98448,2.05979,25320.249029,51794.25434978388
2022-02-15 18:00:00,2.057,2.057,2.03451,2.03451,51726.42249684,105664.53327633509
2022-02-16 00:00:00,2.06,2.08663,2.04653,2.08663,4728.16949505,9762.526784755193
2022-02-16 12:00:00,2.06378,2.07255,2.06378,2.07255,848.72183377,1755.2886038044019
2022-02-16 18:00:00,2.03601,2.03601,2.01501,2.01501,5165.31913057,10494.322201289855
2022-02-17 00:00:00,2.04002,2.08572,2.04002,2.08572,2266.06841787,4643.6851891184815
2022-02-17 12:00:00,2.12654,2.12654,2.05496,2.05496,2770.55295821,5721.680995034119
2022-02-17 18:00:00,1.97953,1.97953,1.95782,1.95782,1405.93790259,2759.8819744487537
2022-02-18 00:00:00,1.95,1.95,1.89,1.893,15175.12582226,28947.903621863104
2022-02-18 06:00:00,1.89926,1.89926,1.89926,1.89926,200.0,379.852
2022-02-18 12:00:00,1.93044,1.93044,1.93044,1.93044,179.0,345.54876
2022-02-18 18:00:00,1.92591,1.92591,1.87,1.89544,344.45939276,657.7370374903421
2022-02-19 00:00:00,1.88875,1.88875,1.85,1.85,3130.93252301,5909.2426675685
2022-02-19 06:00:00,1.86469,1.89195,1.86469,1.89138,2375.8169503,4481.711129955526
2022-02-19 12:00:00,1.90672,1.90672,1.87574,1.87574,568.02384465,1079.7608675416484
2022-02-19 18:00:00,1.87574,1.87574,1.87574,1.87574,2952.35238074,5537.845454649248
2022-02-20 00:00:00,1.86193,1.86814,1.85089,1.85089,1553.36387108,2893.661688987876
2022-02-20 06:00:00,1.86518,1.86518,1.78,1.78,482.54354519,899.0084096174842
2022-02-20 12:00:00,1.77254,1.77254,1.69556,1.7104,10361.34199846,17787.378016608764
2022-02-20 18:00:00,1.7104,1.73225,1.68049,1.73225,3830.0088458,6517.759570112353
2022-02-21 00:00:00,1.73621,1.74715,1.71219,1.73609,696.28799544,1207.9383105628824
2022-02-21 06:00:00,1.785,1.798,1.78465,1.798,1602.85105519,2870.9630987755454
2022-02-21 12:00:00,1.79231,1.79231,1.7903,1.79231,16872.4588,30224.83568354
2022-02-21 18:00:00,1.68589,1.75,1.65559,1.73334,7181.6409408,12418.30262039698
2022-02-22 00:00:00,1.66395,1.67811,1.6,1.6,3334.63630402,5513.966959785778
2022-02-22 06:00:00,1.54238,1.55086,1.49439,1.49439,810.82700611,1244.5152742572134
2022-02-22 12:00:00,1.5164,1.575,1.51,1.56554,6259.65304918,9523.758720798889
2022-02-22 18:00:00,1.57329,1.57452,1.57329,1.5745,1962.01237215,3088.037979590982
2022-02-23 00:00:00,1.5745,1.59153,1.5745,1.57881,3582.08179752,5647.45853634124
2022-02-23 06:00:00,1.6195,1.6195,1.605,1.605,399.78173048,641.836774194645
2022-02-23 12:00:00,1.65977,1.69574,1.65977,1.69474,849.25874479,1433.3810892447182
2022-02-23 18:00:00,1.66831,1.66831,1.6683,1.6683,2277.32530045,3799.2670598390064
2022-02-24 00:00:00,1.64242,1.64242,1.6,1.6,10883.26806606,17642.94336031949
2022-02-24 06:00:00,1.54589,1.54617,1.34,1.36,54296.76545375,75893.96796069077
2022-02-24 12:00:00,1.36677,1.38595,1.30164,1.35522,13515.36373424,18285.887633843944
2022-02-24 18:00:00,1.34223,1.41887,1.33776,1.40022,26863.38713951,36808.41777834194
2022-02-25 00:00:00,1.41798,1.53458,1.41783,1.505,22064.30729077,32554.679367513483
2022-02-25 06:00:00,1.506,1.506,1.506,1.506,18.0,27.108
2022-02-25 12:00:00,1.51009,1.6,1.51009,1.6,9000.52030387,14066.257858863644
2022-02-25 18:00:00,1.6301,1.67145,1.61003,1.61003,8535.08308523,13938.438377295404
2022-02-26 00:00:00,1.6104,1.6104,1.6104,1.6104,1800.11355319,2898.902866057176
2022-02-26 06:00:00,1.73714,1.74631,1.728,1.728,6704.17781537,11673.833083212892
2022-02-26 12:00:00,1.69559,1.729,1.67825,1.69878,50735.72033976,85710.44854631872
2022-02-26 18:00:00,1.73452,1.74679,1.73452,1.73829,1263.52105098,2196.5587935215335
2022-02-27 00:00:00,1.73628,1.82249,1.73628,1.76294,3182.51425734,5625.866622855996
2022-02-27 06:00:00,1.76746,1.76746,1.70148,1.70148,930.91952478,1631.6391832676588
2022-02-27 18:00:00,1.71,1.71,1.68208,1.70457,3251.03143533,5527.471491242822
2022-02-28 00:00:00,1.60962,1.60962,1.58839,1.60646,20312.22038025,32501.21255299048
2022-02-28 06:00:00,1.56696,1.56696,1.56696,1.56696,560.13828413,877.7142857003448
2022-02-28 12:00:00,1.571,1.591,1.55533,1.591,12721.35294628,20033.7314812151
2022-02-28 18:00:00,1.58974,1.71978,1.58974,1.71026,15408.22269411,25313.89456255955
2022-03-01 00:00:00,1.71496,1.78315,1.71496,1.78315,1266.94862245,2225.150585720003
2022-03-01 06:00:00,1.8,1.88,1.8,1.88,1200.98758207,2176.363928080221
2022-03-01 12:00:00,1.87449,1.87449,1.81989,1.86,68524.25608136,127645.55153260037
2022-03-01 18:00:00,1.88,1.93,1.828,1.841,5933.2062083,10968.897871165189
2022-03-02 00:00:00,1.84,1.849,1.83003,1.83003,2994.97323678,5505.68054991869
2022-03-02 06:00:00,1.85566,1.85566,1.85566,1.85566,477.28252497,885.6740902858302
2022-03-02 12:00:00,1.9097,2.07,1.9097,2.04539,112364.05405835,230428.81107159716
2022-03-02 18:00:00,2.06288,2.06288,1.98961,2.00381,16810.43728173,33897.46693902279
2022-03-03 00:00:00,2.00295,2.01175,1.972,2.00233,8215.92511707,16273.033696352566
2022-03-03 06:00:00,1.913,1.91799,1.91035,1.91035,6569.7705144,12575.641601345847
2022-03-03 12:00:00,1.91565,1.91565,1.91342,1.91565,5284.73037872,10122.926659994968
2022-03-03 18:00:00,1.90627,1.92677,1.83,1.85671,32917.5223053,62254.1756094664
2022-03-04 00:00:00,1.85671,1.875,1.83791,1.875,14875.38129701,27397.308015952058
2022-03-04 06:00:00,1.78,1.78,1.78,1.78,19.0,33.82
2022-03-04 12:00:00,1.813,1.813,1.81,1.81,493.01709957,893.28535728183
2022-03-04 18:00:00,1.765,1.77487,1.72,1.72,3638.56573336,6359.247340445431
2022-03-05 00:00:00,1.72077,1.72077,1.63877,1.655,4192.03656625,7035.089052214645
2022-03-05 06:00:00,1.61909,1.61909,1.61792,1.61792,1084.5989359,1755.428571415667
2022-03-05 12:00:00,1.64355,1.678,1.64355,1.67785,1715.32664215,2853.058777510808
2022-03-05 18:00:00,1.67131,1.69496,1.66268,1.69112,3210.67776957,5392.182151872939
2022-03-06 00:00:00,1.70269,1.70768,1.67272,1.67272,2040.01055778,3461.6398562939544
2022-03-06 06:00:00,1.6625,1.6625,1.6625,1.6625,300.0,498.75
2022-03-06 12:00:00,1.64863,1.64863,1.42,1.44511,20750.81148308,32954.15478579565
2022-03-06 18:00:00,1.46468,1.465,1.39091,1.42795,44471.61423101,63415.914616891394
2022-03-07 00:00:00,1.42895,1.47,1.4,1.41,16707.14281181,23787.353923066978
2022-03-07 06:00:00,1.3836,1.3836,1.314,1.36882,8629.29313564,11504.477518810703
2022-03-07 12:00:00,1.36603,1.42276,1.34781,1.3983,42455.64894549,59238.60542950514
2022-03-07 18:00:00,1.41072,1.47,1.36914,1.38484,16364.67729012,23201.464130573062
2022-03-08 00:00:00,1.35,1.35504,1.3,1.32613,42079.71587594,56442.48429353593
2022-03-08 06:00:00,1.35823,1.35823,1.31715,1.32788,5969.5057294,8018.473109042055
2022-03-08 12:00:00,1.3409,1.37627,1.32445,1.37627,6755.45619099,9180.095650307798
2022-03-08 18:00:00,1.38545,1.38545,1.325,1.325,25285.15332942,34359.25100567406
2022-03-09 00:00:00,1.35,1.35,1.31923,1.32,4550.50755331,6024.848396908769
2022-03-09 06:00:00,1.36562,1.42425,1.36562,1.401,25120.51699158,35726.38548093238
2022-03-09 12:00:00,1.405,1.422,1.405,1.42158,2189.47895819,3093.580274860702
2022-03-09 18:00:00,1.39148,1.39148,1.35753,1.36086,7907.12279458,10773.25324427054
2022-03-10 00:00:00,1.35121,1.37239,1.34205,1.37239,4261.50355681,5770.93921685615
2022-03-10 06:00:00,1.33417,1.33417,1.25,1.26063,3607.74885008,4703.514679594425
2022-03-10 12:00:00,1.27,1.28303,1.26727,1.27021,4683.23747418,5965.078699065716
2022-03-10 18:00:00,1.27791,1.3,1.22464,1.23336,10584.77854255,13178.518591186188
2022-03-11 00:00:00,1.23156,1.2488,1.22951,1.2488,3758.67697714,4685.001347237607
2022-03-11 06:00:00,1.22238,1.22238,1.14683,1.15773,4600.1393254,5444.204939222894
2022-03-11 12:00:00,1.17449,1.26015,1.17449,1.26015,5496.99839348,6609.625732161775
2022-03-11 18:00:00,1.2416,1.24224,1.186,1.19257,5215.60205155,6308.211721409683
2022-03-12 00:00:00,1.18837,1.22627,1.18122,1.22627,9747.69451639,11747.595916301772
2022-03-12 06:00:00,1.21692,1.262,1.21692,1.235,6057.93531606,7523.494983925299
2022-03-12 12:00:00,1.21287,1.22275,1.21138,1.21306,3795.4430481,4610.651943327491
2022-03-12 18:00:00,1.20588,1.21918,1.19309,1.21918,959.12322941,1164.3987111462184
2022-03-13 00:00:00,1.21862,1.22199,1.20134,1.20134,3954.93931647,4802.538573491368
2022-03-13 12:00:00,1.1966,1.1966,1.16513,1.16669,15427.50341029,18255.45412684232
2022-03-13 18:00:00,1.17204,1.17204,1.17204,1.17204,749.3997338,878.326464002952
2022-03-14 00:00:00,1.18856,1.2005,1.14109,1.14109,4658.74177475,5492.479488695737
2022-03-14 06:00:00,1.1,1.1,1.08706,1.099,8957.03223973,9786.509715465221
2022-03-14 12:00:00,1.10368,1.11841,1.10368,1.11026,8277.32868973,9187.876602060553
2022-03-14 18:00:00,1.10477,1.10939,1.08141,1.08271,13260.84596963,14568.848707663
2022-03-15 00:00:00,1.06609,1.07861,1.04012,1.07861,97437.67926133,103332.6522308511
2022-03-15 06:00:00,1.092,1.10585,1.08166,1.08166,4029.44813859,4420.457650873692
2022-03-15 12:00:00,1.06767,1.06767,1.039,1.05386,21769.72511472,22672.548381962457
2022-03-15 18:00:00,1.053,1.17439,1.053,1.16602,17105.79813768,18996.474096179823
2022-03-16 00:00:00,1.16755,1.249,1.16755,1.21466,24765.30476383,29644.859936601995
2022-03-16 06:00:00,1.20346,1.25356,1.15578,1.15578,4486.0156891,5374.687545560185
2022-03-16 12:00:00,1.1598,1.2151,1.152,1.2151,17034.22518611,19786.00268329822
2022-03-16 18:00:00,1.1922,1.206,1.17211,1.17211,16776.19176044,20149.532856486345
2022-03-17 00:00:00,1.15967,1.26786,1.15967,1.26786,7612.39575159,9299.577527304366
2022-03-17 06:00:00,1.26265,1.26426,1.23991,1.24194,3344.23260206,4188.408725924827
2022-03-17 12:00:00,1.24485,1.245,1.22558,1.245,10859.5658911,13419.248585168749
2022-03-17 18:00:00,1.25587,1.25587,1.23704,1.23983,1646.80933897,2054.7297341617505
2022-03-18 00:00:00,1.22341,1.22341,1.20762,1.20762,11991.21080325,14516.747384743354
2022-03-18 06:00:00,1.18768,1.19575,1.17852,1.19125,3049.94871508,3622.3403170888982
2022-03-18 12:00:00,1.20063,1.20063,1.18761,1.18761,4402.20700995,5267.143787053376
2022-03-18 18:00:00,1.22368,1.27021,1.22368,1.27021,15867.13623538,19941.64959098287
2022-03-19 00:00:00,1.27458,1.27787,1.23955,1.24947,2455.37956876,3086.74206741844
2022-03-19 06:00:00,1.29,1.29134,1.26603,1.2761,8536.32718367,10950.755720060712
2022-03-19 12:00:00,1.28434,1.33837,1.28432,1.3319,7870.40766787,10315.405883927455
2022-03-19 18:00:00,1.31357,1.32428,1.31161,1.31161,10863.45772799,14267.564697948603
2022-03-20 00:00:00,1.29814,1.31311,1.29814,1.30208,2417.85596726,3151.4927113151716
2022-03-20 12:00:00,1.28186,1.28186,1.27707,1.27707,2634.1382411,3367.931243637181
2022-03-20 18:00:00,1.27347,1.28016,1.25,1.25,9844.61928865,12363.912658863423
2022-03-21 00:00:00,1.26337,1.27466,1.26337,1.27466,1990.05265838,2525.6674283997386
2022-03-21 06:00:00,1.249,1.249,1.21026,1.21026,7660.44365672,9403.995497211321
2022-03-21 12:00:00,1.24568,1.28097,1.24568,1.28097,2556.60256892,3241.6538125600323
2022-03-21 18:00:00,1.28782,1.296,1.26644,1.26644,4931.53835196,6285.903005554041
2022-03-22 00:00:00,1.26472,1.26472,1.2567,1.2567,3732.69990413,4701.213477290001
2022-03-22 06:00:00,1.30107,1.30107,1.30085,1.30085,1350.11832592,1756.4500110974047
2022-03-22 12:00:00,1.30859,1.30872,1.30018,1.3065,11901.36665187,15551.796658693718
2022-03-22 18:00:00,1.305,1.3203,1.30005,1.30005,2992.72293206,3914.336903618709
2022-03-23 00:00:00,1.29717,1.29717,1.28555,1.28555,6390.67039882,8267.943861904652
2022-03-23 06:00:00,1.25936,1.25936,1.25936,1.25936,245.0,308.5432
2022-03-23 12:00:00,1.28795,1.28795,1.26596,1.26596,1323.58295133,1685.359685319986
2022-03-23 18:00:00,1.26632,1.3,1.26632,1.3,6645.65447106,8459.087939316365
2022-03-24 00:00:00,1.28493,1.30221,1.27991,1.30221,2447.58152617,3154.1466850613224
2022-03-24 06:00:00,1.29837,1.30835,1.29837,1.30835,1348.78341023,1757.9341705157358
2022-03-24 12:00:00,1.33884,1.33884,1.322,1.322,15067.74274413,20107.619660976026
2022-03-24 18:00:00,1.324,1.33696,1.31,1.32059,19911.43313102,26511.25597001272
2022-03-25 00:00:00,1.32435,1.33082,1.32435,1.33082,1563.55266354,2074.7088174899823
2022-03-25 06:00:00,1.31,1.31,1.30723,1.30723,1171.43064779,1532.7142857105216
2022-03-25 12:00:00,1.32491,1.4,1.32491,1.4,17849.12938118,24453.117966163933
2022-03-25 18:00:00,1.4,1.4098,1.4,1.4098,1943.70242807,2734.6166661511447
2022-03-26 00:00:00,1.33577,1.33773,1.33577,1.33773,1314.15502617,1756.6967167707796
2022-03-26 12:00:00,1.378,1.39017,1.378,1.39017,728.04193186,1004.45878210308
2022-03-27 00:00:00,1.37853,1.4098,1.37711,1.4098,1384.4565619,1911.0319083912043
2022-03-27 06:00:00,1.4098,1.4098,1.4098,1.4098,71.1074828,100.24732925144
2022-03-27 12:00:00,1.38853,1.38853,1.3803,1.3803,1006.08049069,1393.9930652497717
2022-03-27 18:00:00,1.37611,1.38852,1.37556,1.38852,3176.7048419,4398.246954752666
2022-03-28 00:00:00,1.38555,1.428,1.38555,1.428,54221.70895397,77258.66937001717
2022-03-28 06:00:00,1.45167,1.46368,1.44585,1.4532,1264.91279012,1838.2165517014382
2022-03-28 12:00:00,1.44416,1.46025,1.44416,1.46025,23700.87918964,34467.16702968665
2022-03-28 18:00:00,1.46653,1.48025,1.425,1.44841,38785.85130198,57173.952074240326
2022-03-29 00:00:00,1.47,1.4797,1.43042,1.43042,5148.67399578,7549.127172697698
2022-03-29 06:00:00,1.41967,1.43735,1.41967,1.43735,16938.75402659,24088.752004314152
2022-03-29 12:00:00,1.43859,1.4518,1.43859,1.4518,3533.11664748,5092.006754567559
2022-03-29 18:00:00,1.46397,1.46397,1.41524,1.41695,139157.91368509,202042.29259611297
2022-03-30 00:00:00,1.432,1.44145,1.38454,1.38454,9426.90187043,13491.585935024154
2022-03-30 06:00:00,1.40763,1.40763,1.37529,1.37529,3830.92226906,5352.71521265845
2022-03-30 12:00:00,1.4267,1.43757,1.42243,1.42243,7653.98780796,10985.450848611968
2022-03-30 18:00:00,1.42864,1.42864,1.41107,1.42671,29847.97596618,42246.31757391669
2022-03-31 00:00:00,1.44969,1.45281,1.40993,1.40993,54919.0321634,78841.73497705818
2022-03-31 12:00:00,1.43896,1.48216,1.43535,1.46793,19050.70905972,27944.29296553787
2022-03-31 18:00:00,1.46957,1.52795,1.42678,1.48536,49146.01932883,72213.89850663405
2022-04-01 00:00:00,1.45523,1.46311,1.41,1.41247,15741.59285459,22587.96393934869
2022-04-01 06:00:00,1.4335,1.49759,1.43263,1.49,10022.45049079,14776.965414197837
2022-04-01 12:00:00,1.52,1.575,1.50856,1.52836,34437.85332293,52976.43847606803
2022-04-01 18:00:00,1.51308,1.57499,1.51308,1.57457,14458.72813754,22564.628776195248
2022-04-02 00:00:00,1.55739,1.6085,1.55739,1.6085,5088.78710999,8107.5959351580805
2022-04-02 06:00:00,1.56869,1.65004,1.56869,1.62737,36467.97283066,59252.765454547196
2022-04-02 12:00:00,1.66353,1.68,1.64285,1.67028,57589.45776546,96219.73071347146
2022-04-02 18:00:00,1.63586,1.64859,1.58516,1.60173,17493.42112173,28465.91979776929
2022-04-03 00:00:00,1.56766,1.58638,1.55812,1.55812,2323.89826538,3664.015959595073
2022-04-03 06:00:00,1.5431,1.55812,1.5431,1.55812,636.79935565,983.666445703515
2022-04-03 12:00:00,1.60229,1.60229,1.58208,1.58208,2320.44686718,3697.347305461596
2022-04-03 18:00:00,1.58947,1.58947,1.56913,1.56913,756.10863998,1189.6079999890105
2022-04-04 00:00:00,1.5885,1.65157,1.5885,1.61957,6045.56500933,9893.902530927106
2022-04-04 12:00:00,1.59347,1.59347,1.55613,1.55912,15876.86723571,24790.860196493475
2022-04-04 18:00:00,1.56996,1.57529,1.5,1.5,9692.68351341,15134.252725115213
2022-04-05 00:00:00,1.49158,1.5586,1.49124,1.55796,59873.51002575,91486.64977660091
2022-04-05 06:00:00,1.55,1.575,1.55,1.575,8601.13330695,13341.256983220783
2022-04-05 12:00:00,1.53771,1.55552,1.52702,1.53655,12826.47930689,19807.094185278176
2022-04-05 18:00:00,1.55079,1.55079,1.50898,1.50898,2539.34922509,3883.475757856374
2022-04-06 00:00:00,1.48502,1.49971,1.48502,1.49016,3360.39734046,5014.062977614391
2022-04-06 06:00:00,1.4,1.42294,1.39394,1.42294,521.12833791,726.8705000026343
2022-04-06 12:00:00,1.43713,1.44781,1.38177,1.39151,12356.99775229,17632.730636704244
2022-04-06 18:00:00,1.37186,1.37575,1.31148,1.31931,34427.83284071,46064.01427376785
2022-04-07 00:00:00,1.34184,1.34902,1.3,1.30248,9861.41506515,13030.564311033771
2022-04-07 06:00:00,1.32324,1.32519,1.32052,1.32224,10549.29683433,13976.71402154516
2022-04-07 12:00:00,1.32722,1.34221,1.32206,1.327,6542.18383278,8726.011817327892
2022-04-07 18:00:00,1.365,1.365,1.30566,1.32724,6450.78933269,8464.368135349101
2022-04-08 00:00:00,1.33274,1.33819,1.32888,1.32888,81379.06079799,108355.37675941024
2022-04-08 06:00:00,1.34243,1.34381,1.34243,1.34381,1308.44796808,1757.401157702683
2022-04-08 12:00:00,1.37076,1.37497,1.31832,1.31832,7992.61678888,10774.732904583137
2022-04-08 18:00:00,1.31593,1.34753,1.3,1.34744,24397.44844707,32062.49301499455
2022-04-09 00:00:00,1.28081,1.29776,1.25906,1.25906,15404.00318594,19563.754087807312
2022-04-09 06:00:00,1.2487,1.25942,1.2487,1.25942,2705.41655372,3395.2948377155617
2022-04-09 12:00:00,1.28216,1.28216,1.26,1.27173,13941.79474154,17708.54112664608
2022-04-09 18:00:00,1.27863,1.2801,1.26659,1.27326,10065.16743111,12770.684210565902
2022-04-10 00:00:00,1.26424,1.26424,1.26306,1.26306,2087.27946139,2637.321286329348
2022-04-10 06:00:00,1.29215,1.29215,1.28729,1.28959,2540.909524,3279.0035053759475
2022-04-10 12:00:00,1.25778,1.25778,1.25778,1.25778,697.82814618,877.7142857022804
2022-04-10 18:00:00,1.26106,1.3046,1.26106,1.3046,1576.96603973,2018.8680972820387
2022-04-11 00:00:00,1.30436,1.30436,1.25655,1.25655,6000.318245,7609.805511380287
2022-04-11 06:00:00,1.21,1.22726,1.20973,1.22726,1786.28776377,2164.277440806263
2022-04-11 12:00:00,1.20281,1.20281,1.15933,1.16343,7915.72864388,9398.40160345107
2022-04-11 18:00:00,1.138,1.15597,1.12562,1.15133,16603.92684185,19045.429110296263
2022-04-12 00:00:00,1.14579,1.14692,1.10365,1.12804,5134.63606796,5851.714053581225
2022-04-12 06:00:00,1.12446,1.14,1.1178,1.14,19902.78059933,22529.598249697807
2022-04-12 12:00:00,1.15607,1.18265,1.15607,1.18265,9065.42887514,10555.736041829608
2022-04-12 18:00:00,1.16631,1.18296,1.15349,1.15349,29433.38191373,34268.36019853735
2022-04-13 00:00:00,1.14699,1.15999,1.12753,1.15999,17100.14169427,19338.577874994524
2022-04-13 06:00:00,1.15976,1.16999,1.15976,1.16999,272.30781497,316.150180979689
2022-04-13 12:00:00,1.16252,1.16266,1.16252,1.16266,860.0,999.7819755388382
2022-04-13 18:00:00,1.1558,1.19838,1.1558,1.18027,5397.97438225,6395.386573384166
2022-04-14 00:00:00,1.20027,1.20027,1.20027,1.20027,30.77640864,36.9399999983328
2022-04-14 06:00:00,1.19132,1.21171,1.19132,1.21171,1291.65186723,1550.084992783092
2022-04-14 18:00:00,1.18847,1.18847,1.17,1.17,1150.89263391,1366.0966811630399
2022-04-15 00:00:00,1.16,1.16,1.15416,1.15633,63036.54652258,73121.98664569944
2022-04-15 06:00:00,1.16123,1.17899,1.16123,1.17414,14790.05693984,17373.76233113758
2022-04-15 12:00:00,1.15678,1.17556,1.15678,1.17556,1942.07128394,2273.5070504475216
2022-04-15 18:00:00,1.17225,1.17225,1.17225,1.17225,96.10338238,112.657189994955
2022-04-16 00:00:00,1.17169,1.18046,1.17169,1.18046,758.85641575,895.678622817759
2022-04-16 06:00:00,1.1797,1.1797,1.1797,1.1797,11.86712723,13.999649993231
2022-04-16 18:00:00,1.16115,1.16115,1.13709,1.15108,2068.55038495,2356.943519251766
2022-04-17 00:00:00,1.14838,1.1548,1.14838,1.1548,583.09077435,672.7429316989524
2022-04-17 06:00:00,1.15366,1.15376,1.15366,1.15376,18742.99511321,21623.476193808023
2022-04-17 12:00:00,1.15231,1.15231,1.15231,1.15231,985.62994333,1135.7512399985924
2022-04-17 18:00:00,1.16037,1.16037,1.16037,1.16037,300.0,348.111
2022-04-18 00:00:00,1.14444,1.14595,1.10436,1.11018,8678.31838484,9731.351831034353
2022-04-18 06:00:00,1.12314,1.12314,1.06457,1.06457,5891.40530041,6320.260414221097
2022-04-18 12:00:00,1.07634,1.07634,1.06379,1.07086,5874.94555984,6270.781481403664
2022-04-18 18:00:00,1.10499,1.1117,1.08434,1.10044,200620.54700372,221803.812721398
2022-04-19 00:00:00,1.13211,1.13617,1.12834,1.12834,4516.36667809,5104.962155824776
2022-04-19 12:00:00,1.13643,1.15,1.13643,1.15,1322.72603521,1517.1134309450763
2022-04-19 18:00:00,1.14459,1.19044,1.14459,1.18852,11427.67553201,13538.468295203176
2022-04-20 00:00:00,1.19149,1.19149,1.19149,1.19149,11.86712723,14.1395634232727
2022-04-20 06:00:00,1.16766,1.16821,1.16269,1.16807,9036.41781131,10552.087316799258
2022-04-20 12:00:00,1.21019,1.22136,1.19508,1.22136,9608.27667135,11597.62606960065
2022-04-20 18:00:00,1.22802,1.2295,1.15824,1.16339,38012.12165152,44880.03473579728
2022-04-21 00:00:00,1.17919,1.18351,1.17637,1.17793,9292.35712165,10956.87102187097
2022-04-21 06:00:00,1.18072,1.18444,1.18072,1.18152,2330.86857309,2755.488439059576
2022-04-21 12:00:00,1.16543,1.1973,1.1646,1.1973,12498.24427772,14829.061529109958
2022-04-21 18:00:00,1.19777,1.20353,1.19071,1.19864,3754.64942008,4489.62023140191
2022-04-22 00:00:00,1.16116,1.16116,1.1,1.11571,12509.76722803,14092.656815534454
2022-04-22 06:00:00,1.11145,1.12914,1.11145,1.12914,1047.70199803,1169.0324057104435
2022-04-22 12:00:00,1.14373,1.14373,1.11576,1.11576,4803.98251875,5395.654818028929
2022-04-22 18:00:00,1.12997,1.12997,1.1,1.1112,3034.14182002,3377.974845332086
2022-04-23 06:00:00,1.09959,1.09959,1.08765,1.08765,1017.73301976,1118.8531052934995
2022-04-23 12:00:00,1.09985,1.11468,1.09985,1.11468,133.83552359,148.1438570735704
2022-04-23 18:00:00,1.10406,1.10406,1.10406,1.10406,794.98785003,877.7142857041218
2022-04-24 00:00:00,1.10987,1.11136,1.08987,1.08987,2649.11903131,2934.8237204829597
2022-04-24 06:00:00,1.09213,1.09589,1.09213,1.09589,1868.13058761,2043.8864974900573
2022-04-24 12:00:00,1.09879,1.09954,1.09879,1.09954,353.33996944,388.3134299980576
2022-04-24 18:00:00,1.08265,1.08265,1.069,1.069,7373.7043893,7899.711915668446
2022-04-25 00:00:00,1.07116,1.08516,1.07116,1.08242,9363.90041718,10107.613166748779
2022-04-25 06:00:00,1.0666,1.0666,0.9343,1.02533,29619.64493894,30539.76489567561
2022-04-25 12:00:00,0.99685,1.01728,0.99288,1.01728,22384.98251378,22362.124782660034
2022-04-25 18:00:00,1.02,1.02432,1.0143,1.01605,9433.06083708,9618.09126993288
2022-04-26 00:00:00,1.04625,1.07283,1.04625,1.07283,27384.40583804,29064.631779991327
2022-04-26 06:00:00,1.0752,1.0752,1.0752,1.0752,30.0,32.256
2022-04-26 12:00:00,1.06846,1.06846,1.05164,1.05316,8177.14807004,8625.291709911517
2022-04-26 18:00:00,1.00787,1.00787,0.99163,0.99702,3612.37875531,3614.7570590686205
2022-04-27 00:00:00,0.98145,0.98145,0.98145,0.98145,896.2347851,879.609629836395
2022-04-27 12:00:00,1.006,1.01208,0.98206,0.98206,9164.95237776,9143.160045634382
2022-04-27 18:00:00,0.9907,0.9907,0.98654,0.98654,986.24175764,976.6501314173496
2022-04-28 00:00:00,0.98412,0.98892,0.98412,0.98892,1160.48639557,1144.1943170187324
2022-04-28 06:00:00,0.98798,0.98798,0.98669,0.98669,1053.32859956,1039.6134025444433
2022-04-28 12:00:00,1.00203,1.00203,1.00203,1.00203,875.90991129,877.6880084099187
2022-04-28 18:00:00,0.98491,0.9874,0.98491,0.9874,1682.28437553,1657.5726414000578
2022-04-29 06:00:00,0.95,0.9628,0.9343,0.96135,103402.81872732,98561.57609403142
2022-04-29 12:00:00,0.95657,0.95657,0.91071,0.91071,7157.05715145,6651.590190739561
2022-04-29 18:00:00,0.92126,0.92302,0.88437,0.88437,2986.08022814,2713.1385359405426
2022-04-30 00:00:00,0.88414,0.88414,0.81977,0.83915,55430.75015894,46084.43823050158
2022-04-30 06:00:00,0.84,0.84,0.8365,0.8365,2151.78939706,1805.22183064069
2022-04-30 12:00:00,0.83702,0.84267,0.78126,0.80326,61300.42916603,48820.880579995144
2022-04-30 18:00:00,0.79787,0.80358,0.727,0.727,33340.10260516,25331.993338051907
2022-05-01 00:00:00,0.73662,0.74689,0.66059,0.68423,44858.74357741,31107.48946207952
2022-05-01 06:00:00,0.68905,0.69715,0.67124,0.68919,21273.10217455,14529.840122692534
2022-05-01 12:00:00,0.71098,0.72956,0.69,0.72144,18792.21296083,13242.931944003585
2022-05-01 18:00:00,0.69091,0.76789,0.69091,0.73517,78066.27954868,57952.460414600995
2022-05-02 00:00:00,0.72983,0.76601,0.70791,0.76601,31136.96450595,22781.63503513093
2022-05-02 06:00:00,0.79301,0.80056,0.7745,0.7745,19875.21137291,15679.912196214525
2022-05-02 12:00:00,0.78804,0.78804,0.75691,0.76122,2502.18320009,1934.209074910288
2022-05-02 18:00:00,0.77586,0.78733,0.74,0.74,21255.16540426,16321.198539762367
2022-05-03 00:00:00,0.73,0.78041,0.726,0.78041,14618.99237488,10670.470570901167
2022-05-03 06:00:00,0.77578,0.77937,0.77578,0.77937,2491.4529892,1937.2667019032194
2022-05-03 12:00:00,0.79278,0.80883,0.77326,0.77326,13077.2117082,10367.041256084696
2022-05-03 18:00:00,0.79941,0.80579,0.78784,0.78784,6003.55042833,4793.11434112073
2022-05-04 00:00:00,0.76223,0.76411,0.75113,0.7565,13343.07450754,10086.042733190583
2022-05-04 06:00:00,0.7722,0.7742,0.7722,0.7742,2046.0252309,1581.98135200968
2022-05-04 12:00:00,0.7711,0.79495,0.76937,0.78891,10018.72151599,7857.886752302122
2022-05-04 18:00:00,0.78354,0.78824,0.76809,0.78359,349550.39820019,272644.57405871
2022-05-05 00:00:00,0.78815,0.86457,0.78815,0.86197,58506.70421947,49110.0812437754
2022-05-05 06:00:00,0.86704,0.8692,0.85658,0.85658,10364.85554546,8945.831177077016
2022-05-05 12:00:00,0.84796,0.86086,0.84204,0.8586,14650.13465823,12430.36806381866
2022-05-05 18:00:00,0.82453,0.82453,0.73526,0.73526,16900.15669611,12972.311392721378
2022-05-06 00:00:00,0.72485,0.74723,0.718,0.74321,15665.81137189,11534.362307390955
2022-05-06 06:00:00,0.73978,0.73978,0.72843,0.73746,6411.98060006,4711.800702332331
2022-05-06 12:00:00,0.742,0.742,0.69563,0.70923,18730.64898911,13377.37839326808
2022-05-06 18:00:00,0.71893,0.74163,0.6984,0.72304,16802.98205151,12062.859645928716
2022-05-07 00:00:00,0.7264,0.73069,0.7264,0.73069,62722.68558731,45561.85466817769
2022-05-07 06:00:00,0.71379,0.71379,0.69462,0.70208,35020.95060317,24875.692518567197
2022-05-07 12:00:00,0.70354,0.72737,0.70354,0.71844,27354.014408,19763.911914800294
2022-05-07 18:00:00,0.70814,0.71021,0.70814,0.70894,2992.09754279,2122.727316908512
2022-05-08 00:00:00,0.70837,0.70858,0.68005,0.6874,8585.82225057,5948.425713582139
2022-05-08 06:00:00,0.66957,0.68444,0.66516,0.68444,11045.10028383,7405.664900158752
2022-05-08 12:00:00,0.68392,0.7051,0.68392,0.7051,2488.77860148,1724.0714750608229
2022-05-08 18:00:00,0.68,0.68751,0.66522,0.66718,8259.69637815,5558.602145625421
2022-05-09 00:00:00,0.68241,0.69952,0.67368,0.67368,17165.94024887,11797.740110325967
2022-05-09 06:00:00,0.67818,0.67818,0.65,0.66066,4560.85626537,2997.8377778048384
2022-05-09 12:00:00,0.64784,0.64784,0.61043,0.627,50158.83382828,31267.049504300605
2022-05-09 18:00:00,0.62674,0.63258,0.58441,0.58585,74331.49716793,44978.73234278307
2022-05-10 00:00:00,0.58545,0.59118,0.54246,0.54246,47787.73231585,27477.99675911679
2022-05-10 06:00:00,0.5348,0.6018,0.53244,0.59313,30262.50839729,17173.94579672487
2022-05-10 12:00:00,0.60825,0.61145,0.57885,0.59723,10845.59188267,6393.514984596457
2022-05-10 18:00:00,0.59339,0.61135,0.56537,0.58872,9514.93802284,5680.832447014006
2022-05-11 00:00:00,0.5822,0.5822,0.5211,0.54133,34964.9778054,18929.14483341498
2022-05-11 06:00:00,0.53866,0.55122,0.504,0.5125,20169.44542914,10608.809286992537
2022-05-11 12:00:00,0.50577,0.50577,0.44327,0.44529,40863.60099369,18938.539503391945
2022-05-11 18:00:00,0.40965,0.40965,0.29603,0.33047,56448.79693806,20160.025212708053
2022-05-12 00:00:00,0.34398,0.35081,0.28001,0.30583,78999.86165596,23402.456120841154
2022-05-12 06:00:00,0.317,0.317,0.23773,0.2581,79863.08924836,21177.021887927203
2022-05-12 12:00:00,0.2579,0.48,0.24978,0.26627,29306.3325927,8051.779349678614
2022-05-12 18:00:00,0.3899,0.3899,0.2455,0.28588,14167.4941218,3865.212119212186
2022-05-13 00:00:00,0.28121,0.29097,0.26711,0.29087,27193.76945189,7485.643680029768
2022-05-13 06:00:00,0.30301,0.4,0.28791,0.39252,103811.16760238,37762.646481689386
2022-05-13 12:00:00,0.37573,0.40011,0.37449,0.4,34512.11658901,13321.641120735414
2022-05-13 18:00:00,0.39107,0.40021,0.35711,0.3641,54671.89638696,20617.47860122028
2022-05-14 00:00:00,0.35266,0.35266,0.32706,0.32706,31367.79675872,10777.826919259645
2022-05-14 06:00:00,0.30988,0.31446,0.30689,0.31446,10613.25993775,3275.5235784108013
2022-05-14 12:00:00,0.322,0.33032,0.30438,0.3061,6679.85350233,2105.065461271646
2022-05-14 18:00:00,0.30198,0.32234,0.30198,0.32179,10768.83193194,3334.828985835017
2022-05-15 00:00:00,0.335,0.35556,0.33394,0.35556,12341.87405726,4253.627028118404
2022-05-15 06:00:00,0.3714,0.3714,0.35944,0.35995,4531.59089675,1632.864863272104
2022-05-15 12:00:00,0.3584,0.37604,0.35759,0.37604,3689.28767794,1346.002500890313
2022-05-15 18:00:00,0.37597,0.37597,0.35167,0.35167,4040.10910302,1444.1154160513415
2022-05-16 00:00:00,0.355,0.39603,0.355,0.39359,17285.59340471,6738.691486505935
2022-05-16 06:00:00,0.38825,0.38825,0.36699,0.3698,16969.80166998,6456.155522455181
2022-05-16 12:00:00,0.35782,0.35782,0.33799,0.34664,15257.66099724,5362.682156511781
2022-05-16 18:00:00,0.34607,0.36038,0.33486,0.33636,352084.589074,124863.2715126526
2022-05-17 00:00:00,0.3401,0.34665,0.33408,0.33408,27774.66264631,9437.453805135827
2022-05-17 06:00:00,0.34135,0.3458,0.34061,0.3458,25629.47330701,8760.555877976536
2022-05-17 12:00:00,0.36119,0.37041,0.35814,0.35814,340165.89488085,123744.83992301254
2022-05-17 18:00:00,0.36096,0.37332,0.34935,0.35326,32511.57843612,11730.262019043807
2022-05-18 00:00:00,0.34768,0.36143,0.33741,0.35768,374179.52107809,131155.2937071146
2022-05-18 06:00:00,0.35814,0.36279,0.34781,0.34781,46563.36038771,16284.561181780575
2022-05-18 12:00:00,0.34661,0.34976,0.34424,0.34734,6956.77993826,2401.4645648955816
2022-05-18 18:00:00,0.33514,0.33514,0.32299,0.33056,1722.64667915,570.29806402376
2022-05-19 00:00:00,0.33617,0.33617,0.31605,0.31605,7193.38068727,2396.766189351819
2022-05-19 06:00:00,0.32437,0.32437,0.32183,0.32183,1328.29422992,430.7310566707704
2022-05-19 12:00:00,0.32722,0.32852,0.30711,0.32852,5973.10567075,1872.2855388812334
2022-05-19 18:00:00,0.33519,0.35383,0.33275,0.34356,39765.72547859,13725.305733541123
2022-05-20 00:00:00,0.33516,0.34788,0.33516,0.34788,65079.08982187,21812.913767232134
2022-05-20 06:00:00,0.3429,0.34411,0.34263,0.34365,15170.83208948,5206.148500164142
2022-05-20 12:00:00,0.33625,0.34342,0.33624,0.34183,14580.05623175,4949.969888984032
2022-05-20 18:00:00,0.34717,0.34795,0.32478,0.33263,255084.51351693,87304.65813635895
2022-05-21 00:00:00,0.33847,0.35783,0.33847,0.35556,18224.80229667,6336.478818013698
2022-05-21 06:00:00,0.35774,0.35774,0.35774,0.35774,568.36931738,203.3284395995212
2022-05-21 12:00:00,0.35822,0.36489,0.3566,0.36114,20558.27269765,7442.415195147739
2022-05-21 18:00:00,0.36375,0.44251,0.36375,0.44251,112468.41650172,42560.12042045652
2022-05-22 00:00:00,0.43589,0.43589,0.40281,0.41104,4332.58243829,1804.513742180665
2022-05-22 06:00:00,0.405,0.421,0.40374,0.41023,255329.94792816,104445.47881922104
2022-05-22 12:00:00,0.43366,0.44624,0.43304,0.43304,6751.7473181,2981.1186668373684
2022-05-22 18:00:00,0.43005,0.45597,0.41023,0.41749,13665.46836855,6141.330353771678
2022-05-23 00:00:00,0.41776,0.43402,0.41776,0.43388,234067.5141098,100482.0352537842
2022-05-23 06:00:00,0.42916,0.45302,0.42916,0.45302,1426.43298024,613.3386759992882
2022-05-23 12:00:00,0.4678,0.50322,0.4678,0.49364,26858.27746489,13310.338174393653
2022-05-23 18:00:00,0.50928,0.51089,0.48405,0.49486,11652.57013655,5801.904503754404
2022-05-24 00:00:00,0.47614,0.47614,0.43942,0.43942,10176.12864108,4642.568494207255
2022-05-24 06:00:00,0.44408,0.4481,0.44361,0.44652,77963.61400857,34629.097852326486
2022-05-24 12:00:00,0.44699,0.45158,0.41894,0.42158,14013.9603679,6156.3480777578725
2022-05-24 18:00:00,0.41754,0.41754,0.39942,0.40941,22373.05969872,9087.197278711626
2022-05-25 00:00:00,0.41298,0.42632,0.40756,0.42324,107293.87945839,44721.46437993832
2022-05-25 06:00:00,0.42399,0.43408,0.40606,0.40675,146494.03572259,62098.723739165536
2022-05-25 12:00:00,0.40422,0.41501,0.40223,0.40223,18643.40390299,7580.551190214777
2022-05-25 18:00:00,0.40641,0.41099,0.40268,0.41099,32802.78654658,13309.445744256582
2022-05-26 00:00:00,0.41136,0.41176,0.40438,0.40438,7141.28638829,2930.1433788787235
2022-05-26 06:00:00,0.40777,0.40777,0.38921,0.38921,6813.34815019,2747.875692421926
2022-05-26 12:00:00,0.38082,0.38082,0.36581,0.36896,19631.35618381,7289.576470407245
2022-05-26 18:00:00,0.34558,0.39986,0.34558,0.39986,8819.58453737,3360.7484924177793
2022-05-27 00:00:00,0.38878,0.39307,0.37821,0.37859,233747.83420128,91001.54269665013
2022-05-27 06:00:00,0.36691,0.36691,0.34588,0.34588,4414.51008563,1555.0314387792705
2022-05-27 12:00:00,0.35367,0.3578,0.35367,0.35599,1471.65703993,526.008988886954
2022-05-27 18:00:00,0.3735,0.37399,0.36965,0.37001,7935.50240576,2947.1764197619354
2022-05-28 00:00:00,0.34123,0.35076,0.33762,0.35076,3464.59858793,1173.840817589616
2022-05-28 12:00:00,0.35365,0.35365,0.35365,0.35365,1337.16637603,472.8888888830095
2022-05-28 18:00:00,0.36351,0.36351,0.3617,0.3617,2620.5481792,950.2300440282492
2022-05-29 12:00:00,0.359,0.36585,0.359,0.36585,16306.25997003,5963.332839997936
2022-05-29 18:00:00,0.37056,0.37056,0.36411,0.36755,2958.97904433,1093.8097619975956
2022-05-30 06:00:00,0.37411,0.37411,0.37411,0.37411,185.28,69.3151008
2022-05-30 12:00:00,0.40257,0.40699,0.39109,0.39209,374738.72497947,151295.63392191764
2022-05-30 18:00:00,0.39254,0.397,0.38908,0.39342,225472.21917121,88578.67431885787
2022-05-31 00:00:00,0.39998,0.41615,0.39998,0.41615,53588.04746194,21498.553313550023
2022-05-31 06:00:00,0.40991,0.42189,0.40991,0.41662,1561.88195711,654.143068885138
2022-05-31 12:00:00,0.41989,0.41989,0.39954,0.39954,13386.04532295,5418.037823799663
2022-05-31 18:00:00,0.40888,0.40888,0.39872,0.40732,5713.04702701,2288.806948968707
2022-06-01 06:00:00,0.40896,0.40896,0.4044,0.4044,1533.32063988,625.3476888853248
2022-06-01 12:00:00,0.39426,0.39631,0.39426,0.39631,8390.05323535,3312.7848746633586
2022-06-01 18:00:00,0.40589,0.40589,0.379,0.379,7354.85511361,2804.517921914078
2022-06-02 00:00:00,0.37517,0.37609,0.36479,0.36766,8577.39344605,3170.680269531302
2022-06-02 06:00:00,0.36408,0.36408,0.36408,0.36408,153.79252446,55.9927823053968
2022-06-02 18:00:00,0.36867,0.36867,0.36867,0.36867,45.0,16.59015
2022-06-03 12:00:00,0.36455,0.36455,0.36455,0.36455,210.5187303,76.744603130865
2022-06-03 18:00:00,0.35005,0.35005,0.35005,0.35005,45.0,15.75225
2022-06-04 06:00:00,0.35036,0.3505,0.35005,0.35005,3056.99221451,1071.261883233083
2022-06-04 12:00:00,0.35353,0.35353,0.35353,0.35353,551.28693763,194.8964710603339
2022-06-04 18:00:00,0.34999,0.34999,0.34999,0.34999,1677.40280469,587.0742076134532
2022-06-05 00:00:00,0.35,0.35,0.35,0.35,1677.40280469,587.0909816415
2022-06-05 12:00:00,0.35116,0.35116,0.35116,0.35116,100.0,35.116
2022-06-05 18:00:00,0.35165,0.35398,0.35165,0.35398,1624.58398515,574.6855501922714
2022-06-06 06:00:00,0.3722,0.3722,0.3722,0.3722,1270.75093672,472.973498647184
2022-06-06 12:00:00,0.38139,0.38139,0.37721,0.37721,114.62742239,43.4476099997319
2022-06-06 18:00:00,0.37037,0.37037,0.36578,0.36578,1467.5,537.7716548616493
2022-06-07 06:00:00,0.34,0.34,0.33915,0.33915,1508.40328998,512.831825796714
2022-06-07 12:00:00,0.34528,0.34528,0.34528,0.34528,1000.0,345.28
2022-06-07 18:00:00,0.34503,0.34503,0.34503,0.34503,288.38793728,99.5024899997184
2022-06-08 00:00:00,0.35836,0.35858,0.34982,0.35117,159518.78767797,56605.078093935575
2022-06-08 06:00:00,0.35117,0.353,0.34584,0.34696,193416.04692627,68100.58099406221
2022-06-08 12:00:00,0.35154,0.35265,0.35154,0.35265,11246.67109059,3956.534319999897
2022-06-08 18:00:00,0.34585,0.3478,0.34585,0.3478,11228.24986612,3896.412241272216
2022-06-09 00:00:00,0.34229,0.34229,0.34229,0.34229,2914.50450264,997.6057462086457
2022-06-09 06:00:00,0.33325,0.33325,0.33211,0.33211,11635.671,3869.295778892551
2022-06-09 12:00:00,0.33777,0.33777,0.33729,0.33729,2914.50450264,983.8169635605224
2022-06-09 18:00:00,0.34879,0.34879,0.34879,0.34879,1370.19407262,477.9099905891298
2022-06-10 00:00:00,0.33875,0.33875,0.33875,0.33875,1172.06526937,397.0371099990875
2022-06-10 12:00:00,0.32943,0.32943,0.32899,0.32899,2554.72193334,841.1095783298746
2022-06-10 18:00:00,0.32,0.32,0.31766,0.31766,612.50250911,194.6845470438826
2022-06-11 12:00:00,0.31003,0.31003,0.29955,0.29955,25275.83414418,7751.993626405328
2022-06-11 18:00:00,0.29697,0.29697,0.28114,0.28114,1066.19330354,301.000937433921
2022-06-12 00:00:00,0.28095,0.2856,0.2795,0.2795,8379.63739883,2358.059422057418
2022-06-12 06:00:00,0.26244,0.26244,0.25272,0.25272,4254.31015437,1096.8519499975328
2022-06-12 12:00:00,0.25878,0.2609,0.22618,0.23631,18711.27839218,4676.268840290392
2022-06-12 18:00:00,0.23753,0.24773,0.23123,0.24002,34308.27084407,8315.67864037507
2022-06-13 00:00:00,0.24224,0.24224,0.22975,0.22975,3888.28719932,912.2833608398604
2022-06-13 06:00:00,0.21926,0.2217,0.20691,0.21406,66734.60116711,14421.309119080892
2022-06-13 12:00:00,0.20879,0.2109,0.19861,0.203,34399.46523026,7042.4198981740665
2022-06-13 18:00:00,0.208,0.237,0.20291,0.22127,13693.8693653,2861.9505424321947
2022-06-14 00:00:00,0.23355,0.24003,0.22596,0.23871,4927.22014963,1170.7091780814437
2022-06-14 06:00:00,0.23215,0.25557,0.22255,0.25219,6657.68274413,1626.3664559327372
2022-06-14 12:00:00,0.25099,0.25148,0.24057,0.24057,7542.60193358,1855.9168907090195
2022-06-14 18:00:00,0.2385,0.24198,0.23491,0.2385,27933.14098138,6646.77251732924
2022-06-15 00:00:00,0.23379,0.2352,0.23379,0.2352,796.0,186.65802
2022-06-15 06:00:00,0.21653,0.21653,0.21653,0.21653,184.07658763,39.8581035195239
2022-06-15 12:00:00,0.22159,0.22159,0.2168,0.21923,552.28270319,120.9849853401634
2022-06-15 18:00:00,0.22741,0.22857,0.22004,0.22682,6121.78790271,1368.2851924152185
2022-06-16 00:00:00,0.22214,0.255,0.22214,0.25347,3697.12093501,918.2358904419484
2022-06-16 12:00:00,0.24303,0.24303,0.22721,0.22721,2566.24608211,614.1664737499577
2022-06-17 00:00:00,0.22992,0.22992,0.22754,0.22967,13242.47101161,3032.5138865545587
2022-06-17 12:00:00,0.24374,0.24422,0.24257,0.24257,12979.359809,3166.4921555301216
2022-06-17 18:00:00,0.24099,0.24099,0.23627,0.23627,10151.19516888,2445.864523748391
2022-06-18 00:00:00,0.24268,0.24268,0.24267,0.24267,319.41338433,77.5137952167846
2022-06-18 12:00:00,0.234,0.234,0.21591,0.22153,124414.79681183,27339.60366638787
2022-06-18 18:00:00,0.2241,0.2241,0.22074,0.22112,2912.00749143,646.7477655833484
2022-06-19 00:00:00,0.21934,0.22794,0.2058,0.22033,7284.84462723,1574.6944243130413
2022-06-19 06:00:00,0.21677,0.22177,0.21226,0.21226,953.39194203,206.5927313844931
2022-06-19 12:00:00,0.21598,0.21889,0.21598,0.21889,356.2,77.077576
2022-06-19 18:00:00,0.22956,0.22956,0.22943,0.22943,4150.33576432,952.4203672248436
2022-06-20 00:00:00,0.23865,0.24235,0.23586,0.24212,169602.70461335,40417.3293110513
2022-06-20 06:00:00,0.23834,0.23834,0.23648,0.23648,863.0,204.86528
2022-06-20 12:00:00,0.241,0.26104,0.241,0.26104,138768.46972389,35645.65416527818
2022-06-20 18:00:00,0.25639,0.25897,0.25468,0.25661,11232.26128118,2890.2125736302883
2022-06-21 00:00:00,0.24989,0.25005,0.2447,0.24532,13571.86172033,3352.385500018819
2022-06-21 06:00:00,0.25135,0.263,0.25135,0.263,4897.8907555,1280.877125319148
2022-06-21 12:00:00,0.26367,0.28213,0.26043,0.27627,360009.22012328,97764.67143728735
2022-06-21 18:00:00,0.27638,0.29296,0.27638,0.28172,4059.31875736,1139.3941774935179
2022-06-22 00:00:00,0.28,0.28008,0.27433,0.27935,16953.55345038,4744.409245759993
2022-06-22 06:00:00,0.26997,0.26997,0.26016,0.26469,1995.95958172,529.0115948418754
2022-06-22 12:00:00,0.25521,0.26137,0.25485,0.26137,675.98417936,172.93203212394
2022-06-22 18:00:00,0.26692,0.27455,0.25387,0.2605,35395.5187852,9091.09503960664
2022-06-23 00:00:00,0.25968,0.25968,0.25177,0.25809,5960.15682742,1538.8175627098658
2022-06-23 06:00:00,0.26069,0.26349,0.25956,0.26349,1295.21460358,338.2986374649212
2022-06-23 12:00:00,0.268,0.27293,0.268,0.27025,3528.03067921,961.3414348576582
2022-06-23 18:00:00,0.26543,0.26543,0.25901,0.25901,5826.68400664,1545.7824794529179
2022-06-24 00:00:00,0.26611,0.279,0.26611,0.2728,21507.19953376,5829.0245656873285
2022-06-24 06:00:00,0.2799,0.28226,0.27487,0.27487,24243.84689073,6803.410576569648
2022-06-24 12:00:00,0.27333,0.27967,0.27333,0.27967,882.07895021,246.2686587555966
2022-06-24 18:00:00,0.28125,0.28283,0.27505,0.27515,2829.36233602,794.6519915756736
2022-06-25 00:00:00,0.28523,0.30645,0.28523,0.30266,16651.3382417,4850.604751252644
2022-06-25 06:00:00,0.30676,0.3109,0.30084,0.3109,1717.95833729,526.790950682589
2022-06-25 12:00:00,0.30612,0.31255,0.30352,0.30352,8049.49339924,2490.9352518558067
2022-06-25 18:00:00,0.29911,0.29911,0.2955,0.2955,3383.61259407,1003.3978493232441
2022-06-26 00:00:00,0.2955,0.3069,0.2955,0.3069,3079.98511693,914.748703205416
2022-06-26 06:00:00,0.30371,0.30534,0.30206,0.30206,1985.34728998,603.5405698301573
2022-06-26 12:00:00,0.30346,0.3069,0.30346,0.30658,1614.77200833,493.8220135338501
2022-06-26 18:00:00,0.30198,0.30203,0.30198,0.30203,401.9786038,121.393029999639
2022-06-27 00:00:00,0.28194,0.28309,0.28006,0.28006,15900.70171548,4470.679958021498
2022-06-27 06:00:00,0.28158,0.28967,0.28158,0.28747,2521.98107331,715.5785421028143
2022-06-27 12:00:00,0.28618,0.29226,0.28618,0.29219,63642.36599361,18567.501440758973
2022-06-27 18:00:00,0.27509,0.28057,0.27381,0.27852,15172.60126939,4202.144648491454
2022-06-28 00:00:00,0.27719,0.27719,0.27471,0.27471,923.01969842,254.593891124891
2022-06-28 06:00:00,0.26921,0.27673,0.26921,0.27673,1068.52341851,292.6995256042723
2022-06-28 12:00:00,0.28696,0.28809,0.28696,0.28809,497.99541166,143.1307633299536
2022-06-28 18:00:00,0.28942,0.28942,0.285,0.28777,5764.00151316,1655.325373085479
2022-06-29 00:00:00,0.27164,0.27756,0.271,0.271,550124.63914663,150900.4310942027
2022-06-29 06:00:00,0.27546,0.27546,0.2666,0.2666,3074.0,820.18404
2022-06-29 12:00:00,0.26262,0.26822,0.2594,0.2594,6656.42541128,1776.7966088672313
2022-06-29 18:00:00,0.26036,0.26239,0.25746,0.26239,92463.02489785,23833.39077104076
2022-06-30 00:00:00,0.25845,0.26643,0.25845,0.25857,2777.8518464,724.0781610365171
2022-06-30 06:00:00,0.26112,0.26112,0.25221,0.25221,965.69693825,249.1894059889245
2022-06-30 12:00:00,0.25307,0.25307,0.24255,0.24255,1312.78269995,324.3073150403513
2022-06-30 18:00:00,0.23993,0.24591,0.23699,0.24591,3581.80233645,868.287021043322
2022-07-01 00:00:00,0.24206,0.25166,0.24206,0.25166,11078.9577876,2691.0612615792247
2022-07-01 06:00:00,0.25703,0.25703,0.24773,0.24773,1639.63620856,413.3711579660378
2022-07-01 12:00:00,0.24774,0.25119,0.24629,0.24629,2495.10514866,619.5797374978631
2022-07-01 18:00:00,0.25113,0.25157,0.24636,0.24755,4402.9136075,1093.2950820495078
2022-07-02 00:00:00,0.24607,0.24607,0.24607,0.24607,752.27153974,185.1114577838218
2022-07-02 06:00:00,0.24327,0.24327,0.23903,0.23903,2246.16499891,539.4325185066072
2022-07-02 12:00:00,0.2401,0.2401,0.2401,0.2401,208.18645006,49.985566659406
2022-07-02 18:00:00,0.24273,0.24273,0.24264,0.24264,1277.72530806,310.0847663865411
2022-07-03 00:00:00,0.24681,0.24681,0.24681,0.24681,484.72036964,119.6338344308484
2022-07-03 12:00:00,0.24774,0.24774,0.24636,0.24636,1867.82607513,461.9631059322858
2022-07-03 18:00:00,0.2499,0.2499,0.24574,0.24574,2436.91738688,599.7125798304224
2022-07-04 00:00:00,0.2499,0.26538,0.2499,0.2577,15185.37221553,3935.6980287309293
2022-07-04 06:00:00,0.2533,0.2533,0.2533,0.2533,451.74836438,114.427860697454
2022-07-04 12:00:00,0.25312,0.25312,0.25312,0.25312,676.75161812,171.2993695785344
2022-07-04 18:00:00,0.2619,0.2619,0.2619,0.2619,200.0,52.38
2022-07-05 00:00:00,0.25985,0.26513,0.25839,0.26419,492383.70028739,129100.27468456715
2022-07-05 06:00:00,0.26359,0.27113,0.26359,0.27007,76828.9998881,20645.598694210646
2022-07-05 12:00:00,0.26893,0.27018,0.25584,0.25608,36597.84701701,9672.916671043165
2022-07-05 18:00:00,0.24931,0.25118,0.248,0.25083,3510.84290848,878.060878991253
2022-07-06 00:00:00,0.25283,0.26191,0.25283,0.25844,11037.98381659,2845.4062631681263
2022-07-06 06:00:00,0.2551,0.25927,0.25305,0.25927,8606.65149657,2214.8251402476294
2022-07-06 12:00:00,0.25656,0.25931,0.25589,0.25786,1323.5881289,340.1816990318715
2022-07-07 00:00:00,0.25803,0.2639,0.25803,0.2639,1521.47612347,396.4898048535201
2022-07-07 06:00:00,0.26241,0.26241,0.26189,0.26189,1180.92117831,309.5924285002763
2022-07-07 12:00:00,0.26069,0.26069,0.25989,0.25989,885.46965209,230.4791674110461
2022-07-07 18:00:00,0.26405,0.27245,0.26404,0.27245,4290.65539449,1142.474503427187
2022-07-08 00:00:00,0.27596,0.2769,0.27185,0.27237,23313.82712547,6370.4817438588625
2022-07-08 06:00:00,0.2909,0.29234,0.2828,0.2828,18281.77766071,5244.358849020383
2022-07-08 12:00:00,0.28073,0.28073,0.27133,0.27497,39417.97998064,10796.614077577344
2022-07-08 18:00:00,0.27497,0.27497,0.27169,0.27345,112916.88492429,30791.67172629787
2022-07-09 00:00:00,0.27384,0.2758,0.27375,0.2758,35290.09878306,9732.055516592005
2022-07-09 06:00:00,0.2753,0.2753,0.27326,0.27326,10172.3116104,2800.1148082354134
2022-07-09 12:00:00,0.27564,0.2849,0.27564,0.2849,11019.09171253,3083.422195511024
2022-07-09 18:00:00,0.28058,0.28691,0.28058,0.28527,1584.9159695,448.709687156599
2022-07-10 00:00:00,0.28155,0.28155,0.28155,0.28155,500.0,140.775
2022-07-10 06:00:00,0.2763,0.2763,0.27303,0.27303,1049.22272252,287.3443817225292
2022-07-10 18:00:00,0.27046,0.27046,0.26252,0.26404,22652.75149964,6044.56574255766
2022-07-11 06:00:00,0.26182,0.26338,0.25877,0.26291,2607.47812639,683.7544338927676
2022-07-11 12:00:00,0.25944,0.2628,0.25921,0.2628,2361.55681133,613.2646270791473
2022-07-11 18:00:00,0.25691,0.26046,0.25691,0.26046,2671.44357377,690.6593800869491
2022-07-12 00:00:00,0.26281,0.2633,0.24709,0.24709,1702.94714798,427.3933850892264
2022-07-12 12:00:00,0.24698,0.24698,0.24233,0.24347,12920.23017392,3155.459924410969
2022-07-13 00:00:00,0.23998,0.23998,0.23872,0.23872,1167.68978165,279.613963702745
2022-07-13 06:00:00,0.23256,0.23461,0.23239,0.23461,2917.42639039,682.9776645215186
2022-07-13 12:00:00,0.23982,0.23982,0.23872,0.23888,449.82565375,107.5735704284944
2022-07-13 18:00:00,0.23172,0.23274,0.22548,0.22931,11896.20712568,2732.2459591556167
2022-07-14 00:00:00,0.24581,0.24581,0.24581,0.24581,286.42176066,70.4053329878346
2022-07-14 06:00:00,0.24626,0.24626,0.242,0.242,64145.13086669,15665.688506687251
2022-07-14 12:00:00,0.23725,0.23725,0.23708,0.23708,5039.75,1195.1271983595684
2022-07-14 18:00:00,0.24085,0.24887,0.24085,0.24887,1840.64763145,451.8915911651761
2022-07-15 00:00:00,0.25119,0.25119,0.24664,0.2504,24307.52995556,6054.928476197988
2022-07-15 06:00:00,0.2544,0.25936,0.25252,0.25936,859.1073847,220.196834921334
2022-07-15 12:00:00,0.26239,0.26342,0.25992,0.25992,13232.5531303,3467.259660880519
2022-07-15 18:00:00,0.25792,0.26,0.25687,0.25687,1275.69564795,329.1843442516562
2022-07-16 00:00:00,0.25242,0.2624,0.25242,0.26048,3462.77888998,888.6264992662275
2022-07-16 06:00:00,0.25234,0.25234,0.25234,0.25234,611.64336595,154.342086963823
2022-07-16 12:00:00,0.24857,0.24928,0.24857,0.24928,901.47810512,224.5368910202787
2022-07-16 18:00:00,0.24988,0.2649,0.24988,0.2649,134452.2501734,35075.241389465606
2022-07-17 00:00:00,0.26258,0.26258,0.25734,0.25734,85952.99249809,22132.289682575534
2022-07-17 06:00:00,0.26559,0.26559,0.26131,0.26227,2906.52928257,764.1525512278707
2022-07-17 12:00:00,0.26899,0.26899,0.26899,0.26899,178.48280963,48.0100909623737
2022-07-17 18:00:00,0.26581,0.26581,0.258,0.26309,1689.67601585,441.5422624232982
2022-07-18 00:00:00,0.25793,0.26011,0.25793,0.26011,1356.84757598,351.4962786888796
2022-07-18 06:00:00,0.26207,0.27735,0.26207,0.27681,3831.16241489,1041.7287028362293
2022-07-18 12:00:00,0.27806,0.28776,0.27806,0.28316,56227.299403,15814.490146445574
2022-07-18 18:00:00,0.28205,0.2844,0.27856,0.27856,68160.16707109,19220.163113739614
2022-07-19 00:00:00,0.27666,0.29,0.27301,0.29,4581.95454387,1277.4498748270148
2022-07-19 06:00:00,0.28847,0.32276,0.28847,0.32266,6302.92357725,1919.3999321306485
2022-07-19 12:00:00,0.32108,0.3359,0.31948,0.33083,135596.75900842,44109.40318051294
2022-07-19 18:00:00,0.32857,0.34406,0.32823,0.34036,62016.76310244,20834.97637228292
2022-07-20 00:00:00,0.34364,0.34574,0.3385,0.34013,26894.29951209,9164.718982208698
2022-07-20 06:00:00,0.34081,0.35691,0.33105,0.35212,74277.5418591,25240.881535052646
2022-07-20 12:00:00,0.352,0.35425,0.33925,0.34712,31760.47595372,10997.86139535085
2022-07-20 18:00:00,0.33571,0.34164,0.32294,0.32294,12323.18686571,4150.5799890056405
2022-07-21 00:00:00,0.32585,0.32585,0.30455,0.31047,28876.24137783,9016.829887317861
2022-07-21 06:00:00,0.31302,0.31329,0.295,0.29829,2504.57785514,778.2718893984772
2022-07-21 12:00:00,0.30405,0.3118,0.30405,0.30627,10991.92877368,3416.4612798039416
2022-07-21 18:00:00,0.30537,0.33161,0.30537,0.33161,1285.24326219,421.3592164051762
2022-07-22 00:00:00,0.32447,0.33742,0.32441,0.32795,83769.1597665,27913.97446329719
2022-07-22 06:00:00,0.33169,0.33725,0.33169,0.33635,570.94320053,190.2323276013135
2022-07-22 12:00:00,0.33015,0.34131,0.33015,0.33789,55503.02110859,18868.73858919101
2022-07-22 18:00:00,0.34016,0.34269,0.31505,0.3194,139436.77646251,44664.056061285104
2022-07-23 00:00:00,0.32334,0.32334,0.31792,0.31792,2026.63270905,653.3462882299808
2022-07-23 06:00:00,0.32259,0.33477,0.32259,0.33477,1212.72051544,395.2990017130196
2022-07-23 12:00:00,0.33878,0.35318,0.33878,0.34075,64179.18939908,22247.20949895964
2022-07-23 18:00:00,0.34306,0.34306,0.32805,0.32805,15364.9431365,5067.18755626885
2022-07-24 00:00:00,0.33199,0.33222,0.33197,0.33206,1503.02302943,499.0224399950305
2022-07-24 06:00:00,0.34588,0.34659,0.33064,0.33064,2132.97860162,721.5399656103947
2022-07-24 12:00:00,0.33798,0.33945,0.33798,0.33945,13444.4926882,4545.426876611137
2022-07-24 18:00:00,0.33485,0.35887,0.33485,0.3558,49836.08285361,17470.67769952538
2022-07-25 00:00:00,0.35417,0.36381,0.35288,0.35288,2589.51544672,925.2881152438986
2022-07-25 06:00:00,0.35102,0.35102,0.31766,0.32722,58318.9650137,19831.258507238108
2022-07-25 12:00:00,0.32366,0.3241,0.31931,0.32384,2850.83688466,917.0194623836635
2022-07-25 18:00:00,0.31788,0.32054,0.3169,0.31988,29553.17505844,9381.363698575533
2022-07-26 00:00:00,0.31921,0.31931,0.3056,0.3056,109537.65474787,33621.25158313991
2022-07-26 06:00:00,0.3001,0.30069,0.29904,0.29917,3005.05520542,900.5652561939131
2022-07-26 12:00:00,0.29933,0.29933,0.29933,0.29933,333.27955767,99.7605699973611
2022-07-26 18:00:00,0.29775,0.29775,0.29007,0.29117,29123.0235655,8611.542491068574
2022-07-27 00:00:00,0.28903,0.29301,0.28903,0.29301,3317.41683875,961.1119353267154
2022-07-27 06:00:00,0.30301,0.30301,0.29536,0.29614,3515.35080841,1039.5073157588386
2022-07-27 12:00:00,0.304,0.305,0.2977,0.2977,193291.34840504,58916.42680876492
2022-07-27 18:00:00,0.30028,0.312,0.30028,0.30214,45528.70929595,14122.753789427281
2022-07-28 00:00:00,0.31199,0.32758,0.31017,0.32758,299341.98477778,94419.9326473494
2022-07-28 06:00:00,0.32706,0.3305,0.32706,0.3305,3309.9397166,1093.5266099585833
2022-07-28 12:00:00,0.32835,0.32905,0.31991,0.327,8548.36136383,2756.283071973792
2022-07-28 18:00:00,0.31281,0.34374,0.31281,0.34277,57537.65767794,19438.66208720734
2022-07-29 00:00:00,0.34259,0.34259,0.33541,0.33873,4496.52791178,1521.0255086607242
2022-07-29 06:00:00,0.34739,0.35,0.34494,0.34706,31997.21643626,11056.690330615456
2022-07-29 12:00:00,0.34089,0.34089,0.32963,0.32984,13650.02199002,4626.619700644267
2022-07-29 18:00:00,0.33184,0.3407,0.32834,0.32834,24877.72153495,8240.092985740455
2022-07-30 00:00:00,0.33872,0.339,0.33872,0.339,39018.72256332,13226.995040069502
2022-07-30 12:00:00,0.34967,0.34967,0.34256,0.34256,395.26361348,136.7992154018935
2022-07-30 18:00:00,0.35073,0.374,0.34899,0.357,207316.53940898,74432.59806494424
2022-07-31 00:00:00,0.3485,0.3485,0.33182,0.33444,5739.87530811,1911.5499296543271
2022-07-31 06:00:00,0.34407,0.34407,0.34407,0.34407,7769.34728871,2673.1993216264495
2022-07-31 12:00:00,0.34424,0.35251,0.34316,0.35251,36659.81424964,12828.62691393506
2022-07-31 18:00:00,0.34814,0.34814,0.34264,0.34589,29126.16664258,9995.694108576554
2022-08-01 00:00:00,0.35397,0.35397,0.32609,0.33055,126001.78382355,42053.38375752581
2022-08-01 06:00:00,0.34102,0.34102,0.33991,0.33991,8248.418033,2804.14601359703
2022-08-01 12:00:00,0.32463,0.32463,0.3235,0.3235,25000.0,8094.723034570125
2022-08-01 18:00:00,0.33074,0.33074,0.33074,0.33074,71.36115982,23.6019899988668
2022-08-02 00:00:00,0.33573,0.33573,0.33573,0.33573,294.15369493,98.7562199988489
2022-08-02 06:00:00,0.34793,0.34793,0.31912,0.3199,33291.97173716,10917.568547233921
2022-08-02 18:00:00,0.33222,0.34016,0.332,0.34016,13519.69266535,4548.832855390919
2022-08-03 00:00:00,0.33618,0.33618,0.33375,0.33375,1160.5939269,387.8191651798922
2022-08-03 12:00:00,0.339,0.34102,0.339,0.34022,50751.32709601,17243.573120342724
2022-08-03 18:00:00,0.33941,0.34834,0.33837,0.34749,34711.39852687,11798.591788392541
2022-08-04 00:00:00,0.34355,0.34355,0.33603,0.33603,21491.94975133,7320.56991204707
2022-08-04 06:00:00,0.33979,0.36252,0.33944,0.36252,70766.85939992,25475.47674090157
2022-08-04 12:00:00,0.36424,0.36425,0.34846,0.34915,14894.5828945,5306.409699402872
2022-08-04 18:00:00,0.36034,0.36618,0.3602,0.36053,1516.78856685,550.46229284037
2022-08-05 00:00:00,0.35735,0.36477,0.35735,0.36477,842.3984972,302.9173102348002
2022-08-05 06:00:00,0.36796,0.38335,0.36796,0.38326,16818.84351509,6330.773378021769
2022-08-05 12:00:00,0.38167,0.38414,0.37599,0.38349,120449.53077532,45775.46039439219
2022-08-05 18:00:00,0.3771,0.3771,0.37291,0.37291,11491.80632177,4286.803826067192
2022-08-06 12:00:00,0.38817,0.38817,0.38034,0.38034,14410.79038141,5579.435583232476
2022-08-06 18:00:00,0.37618,0.37618,0.37618,0.37618,420.23137675,158.082639305815
2022-08-07 00:00:00,0.36772,0.37221,0.35689,0.365,78006.73587882,28494.902460955596
2022-08-07 06:00:00,0.35837,0.3617,0.35837,0.3617,772.0,277.94702
2022-08-07 12:00:00,0.36574,0.36597,0.36268,0.36268,3322.91876333,1215.1173644195383
2022-08-07 18:00:00,0.37305,0.37475,0.36992,0.37475,4022.10153671,1491.296193758374
2022-08-08 00:00:00,0.37289,0.37289,0.37289,0.37289,309.87260226,115.5483946567314
2022-08-08 06:00:00,0.38175,0.38175,0.37643,0.37643,382.20208541,144.8869019680259
2022-08-08 12:00:00,0.38096,0.38796,0.38096,0.38796,2215.47747368,847.0786036772028
2022-08-08 18:00:00,0.38858,0.38909,0.38612,0.38812,16472.86875518,6392.235172453368
2022-08-09 00:00:00,0.3818,0.3818,0.38004,0.38004,11000.0,4185.879194514281
2022-08-09 06:00:00,0.39246,0.39246,0.38633,0.39009,6263.28670743,2442.4064504369308
2022-08-09 12:00:00,0.38745,0.38745,0.36571,0.36571,51215.0251797,18872.440994975797
2022-08-09 18:00:00,0.3667,0.3667,0.356,0.36322,10007.3197882,3587.69350990931
2022-08-10 00:00:00,0.36262,0.36499,0.36191,0.36499,1057.07745114,383.4402765201588
2022-08-10 06:00:00,0.36499,0.36499,0.35848,0.3589,57218.0895613,20546.724335412233
2022-08-10 12:00:00,0.377,0.37842,0.37354,0.37797,27043.60698337,10207.915149715956
2022-08-10 18:00:00,0.38262,0.41197,0.38262,0.41186,48773.92979395,19544.94480847909
2022-08-11 00:00:00,0.40201,0.40949,0.29991,0.40272,189061.95109231,70235.34359621345
2022-08-11 06:00:00,0.41209,0.41217,0.404,0.40526,1005.60451885,408.4448167323685
2022-08-11 12:00:00,0.40434,0.40434,0.39662,0.4024,5518.62918408,2197.840267855148
2022-08-11 18:00:00,0.40284,0.40415,0.39812,0.3982,2113.71161814,847.4983843119933
2022-08-12 00:00:00,0.39488,0.39488,0.39034,0.39034,9909.46541195,3904.285545239127
2022-08-12 06:00:00,0.39034,0.39578,0.39031,0.39244,7366.0560144,2879.3312282897205
2022-08-12 12:00:00,0.39752,0.4,0.39752,0.4,6083.02248332,2430.8466018616036
2022-08-12 18:00:00,0.39338,0.39858,0.39232,0.39858,4431.16278787,1756.030421887682
2022-08-13 00:00:00,0.4,0.405,0.4,0.405,20771.63875222,8337.1517746491
2022-08-13 06:00:00,0.41,0.41,0.4075,0.4075,15539.63875221,6346.2518884061
2022-08-13 12:00:00,0.40774,0.40774,0.40316,0.40567,1538.06931683,622.8608148446476
2022-08-13 18:00:00,0.40029,0.4009,0.39955,0.4009,2019.65184805,808.2963773738649
2022-08-14 00:00:00,0.39872,0.40212,0.39872,0.40212,22977.4004498,9193.961543995665
2022-08-14 12:00:00,0.4055,0.40876,0.4055,0.40695,1353.92305302,549.6163880393118
2022-08-14 18:00:00,0.4025,0.4025,0.3817,0.3817,20460.04729761,8063.30085857571
2022-08-15 00:00:00,0.38584,0.38871,0.38549,0.38719,19878.60472481,7676.687796009394
2022-08-15 06:00:00,0.39608,0.39642,0.39608,0.39642,2444.72004393,969.0817998147306
2022-08-15 12:00:00,0.38479,0.38501,0.37506,0.38133,7778.82032537,2925.1091759211513
2022-08-15 18:00:00,0.37721,0.3815,0.37721,0.3815,601.08065506,228.0315647844233
2022-08-16 06:00:00,0.37068,0.37086,0.36887,0.36887,6125.50142757,2261.473197493365
2022-08-16 12:00:00,0.36871,0.37848,0.36871,0.37848,1361.34263705,505.256150236195
2022-08-16 18:00:00,0.3705,0.3705,0.36641,0.36974,4545.29077055,1677.0780479412415
2022-08-17 00:00:00,0.36842,0.37055,0.36764,0.37055,1232.04192764,454.6250083045519
2022-08-17 06:00:00,0.36876,0.36876,0.36876,0.36876,312.21916964,115.1339409964464
2022-08-17 12:00:00,0.38201,0.38201,0.36773,0.36857,529.63756205,201.1983330688347
2022-08-17 18:00:00,0.36114,0.36114,0.3493,0.35396,5273.80869773,1853.4732593171782
2022-08-18 00:00:00,0.35573,0.35573,0.34458,0.34527,2164.96102962,750.1685344642873
2022-08-18 06:00:00,0.34782,0.35298,0.34782,0.35298,7284.1578979,2562.2192472081306
2022-08-18 12:00:00,0.35599,0.3595,0.35599,0.3595,7190.26402468,2578.600221849837
2022-08-18 18:00:00,0.3588,0.3588,0.35843,0.35843,449.50713091,161.1302228727538
2022-08-19 00:00:00,0.35292,0.35378,0.33753,0.33787,938.86748051,329.5039508363678
2022-08-19 06:00:00,0.32435,0.32622,0.31702,0.32149,5503.00525143,1755.7285659154722
2022-08-19 12:00:00,0.32158,0.32158,0.29991,0.30247,59246.91013019,18042.103510334713
2022-08-19 18:00:00,0.29996,0.3126,0.29996,0.3126,9301.96712676,2850.18323058826
2022-08-20 00:00:00,0.30827,0.30928,0.29908,0.30038,16771.19007852,5079.74681100666
2022-08-20 06:00:00,0.30307,0.30694,0.30274,0.30623,7633.32271504,2334.4468753618116
2022-08-20 12:00:00,0.31063,0.31111,0.31063,0.31111,429.49565411,133.5924394363397
2022-08-20 18:00:00,0.30622,0.3066,0.29973,0.303,30400.0,9206.477714362703
2022-08-21 00:00:00,0.299,0.29987,0.29,0.29987,8368.1074681,2464.584351301269
2022-08-21 06:00:00,0.29956,0.30133,0.29848,0.29876,12048.50623124,3599.73197980111
2022-08-21 12:00:00,0.30856,0.30856,0.30624,0.30643,2988.56578476,916.6779209267957
2022-08-21 18:00:00,0.3075,0.3075,0.30322,0.30456,930.11561426,284.857835887296
2022-08-22 00:00:00,0.30566,0.30757,0.30429,0.30621,26523.42288779,8101.262567474737
2022-08-22 06:00:00,0.30369,0.30389,0.3024,0.3024,1085.42183883,329.2782848089138
2022-08-22 12:00:00,0.2975,0.2975,0.285,0.29166,29612.30427213,8587.696300859121
2022-08-22 18:00:00,0.28875,0.28875,0.28875,0.28875,52.69857409,15.2167132684875
2022-08-23 00:00:00,0.28735,0.29177,0.28735,0.29155,70081.05987933,20431.172833056076
2022-08-23 06:00:00,0.29603,0.30098,0.29358,0.29369,4221.79514899,1250.001141020208
2022-08-23 12:00:00,0.3005,0.30093,0.29799,0.29799,2894.24026314,869.8573527834938
2022-08-23 18:00:00,0.30348,0.30348,0.30348,0.30348,40.0,12.1392
2022-08-24 00:00:00,0.30571,0.30648,0.30335,0.30408,4358.12377399,1332.3492999940668
2022-08-24 12:00:00,0.29911,0.29911,0.29911,0.29911,772.91952478,231.1879590569458
2022-08-24 18:00:00,0.30375,0.31292,0.30375,0.309,2936.67004238,912.0745384109415
2022-08-25 00:00:00,0.30803,0.31129,0.3037,0.3037,3697.68715779,1131.3320306255628
2022-08-25 12:00:00,0.31302,0.31491,0.31246,0.31246,132607.07601206,41655.07425489608
2022-08-25 18:00:00,0.31499,0.31499,0.30417,0.30417,3049.28327055,945.5636419709653
2022-08-26 00:00:00,0.30502,0.30579,0.30502,0.30579,1201.06081605,366.5883080441041
2022-08-26 06:00:00,0.3,0.3,0.3,0.3,50.0,15.0
2022-08-26 12:00:00,0.29903,0.29903,0.29268,0.29367,1754.21109739,517.9291660410526
2022-08-26 18:00:00,0.30436,0.30437,0.28693,0.28693,1151.19607945,347.3761385640302
2022-08-27 00:00:00,0.28,0.28441,0.27,0.27,166715.71284276,47082.80169608765
2022-08-27 06:00:00,0.27337,0.27388,0.26749,0.26749,2877.66147708,784.3283701052713
2022-08-27 12:00:00,0.27629,0.27629,0.27629,0.27629,85.41752084,23.6000068328836
2022-08-27 18:00:00,0.2767,0.27698,0.27055,0.27306,2712.63985566,741.8436388139778
2022-08-28 06:00:00,0.2735,0.27495,0.2735,0.27495,7914.69216352,2174.835202833699
2022-08-28 12:00:00,0.27535,0.27549,0.27504,0.27504,22352.39202968,6151.89471462018
2022-08-28 18:00:00,0.28022,0.28033,0.28022,0.28033,384.45977305,107.7374911317502
2022-08-29 00:00:00,0.27608,0.27694,0.27421,0.27421,1300.87821302,359.4778699084457
2022-08-29 06:00:00,0.26189,0.2632,0.25828,0.26101,22140.40193901,5767.735895905441
2022-08-29 12:00:00,0.26706,0.26706,0.26545,0.26643,5002.60513288,1332.5978280382637
2022-08-29 18:00:00,0.26902,0.28154,0.26902,0.27872,7117.88534075,1959.261680985113
2022-08-30 00:00:00,0.27646,0.27984,0.27646,0.27984,2048.61729862,569.8135324515491
2022-08-30 06:00:00,0.28222,0.28637,0.28018,0.28374,26031.00385488,7324.2830737473105
2022-08-30 12:00:00,0.28362,0.28362,0.27988,0.27988,820.28539732,232.5147043878984
2022-08-30 18:00:00,0.27956,0.28008,0.271,0.27364,11354.25439379,3106.1586111892225
2022-08-31 00:00:00,0.27364,0.27665,0.27262,0.27426,3227.71101897,885.9110208994502
2022-08-31 06:00:00,0.28458,0.28458,0.2832,0.2832,1540.83128393,437.4058478060184
2022-08-31 12:00:00,0.2823,0.2823,0.2823,0.2823,162.98197976,46.009812886248
2022-08-31 18:00:00,0.28492,0.28492,0.27858,0.27899,8922.02479134,2498.241081550569
2022-09-01 00:00:00,0.27997,0.27997,0.27265,0.27265,2984.20278524,815.3893904454502
2022-09-01 12:00:00,0.26693,0.27278,0.26693,0.27278,1285.29409343,348.0455430420255
2022-09-01 18:00:00,0.27101,0.27101,0.26496,0.26796,9902.75106857,2637.633738833817
2022-09-02 00:00:00,0.27123,0.27393,0.27109,0.27207,12328.34275889,3345.471416065317
2022-09-02 06:00:00,0.27202,0.27224,0.27127,0.27224,1606.2741248,436.5439639289739
2022-09-02 12:00:00,0.27223,0.27223,0.26936,0.26936,458.95565182,124.8220025558856
2022-09-02 18:00:00,0.27705,0.28016,0.27626,0.27626,2890.90883518,807.9480822601225
2022-09-03 00:00:00,0.26567,0.2681,0.26567,0.26684,1643.69500863,439.5646753701631
2022-09-03 18:00:00,0.26884,0.26884,0.26825,0.26825,2896.39932762,778.3652625361256
2022-09-04 00:00:00,0.26622,0.26622,0.26622,0.26622,351.70385017,93.6305989922574
2022-09-04 06:00:00,0.26719,0.26719,0.26719,0.26719,50.60977075,13.5224246466925
2022-09-04 18:00:00,0.27393,0.27393,0.27073,0.27155,3617.37290814,983.0795337960266
2022-09-05 00:00:00,0.27303,0.27314,0.27274,0.27274,592.190627,161.5859907941268
2022-09-05 06:00:00,0.27481,0.27481,0.27109,0.27109,993.56599765,271.4690899014865
2022-09-05 12:00:00,0.26422,0.26597,0.26422,0.26594,1444.2879093,383.673251899075
